{
    "Design Information": {
        "design_name": "gcd",
        "design_version": "5.8",
        "eda_tool": "iEDA",
        "eda_version": "V23.03-OS-01",
        "flow_memory": "8946.296000 MB",
        "flow_runtime": "127.452898 s",
        "flow_stage": "iTO - Fix DRV"
    },
    "Design Layout": {
        "core_area": 359.85599999999994,
        "core_bounding_height": 18.9,
        "core_bounding_width": 19.04,
        "core_usage": 0.6002401113510132,
        "design_dbu": 2000,
        "die_area": 441.0,
        "die_bounding_height": 21.0,
        "die_bounding_width": 21.0,
        "die_usage": 0.4897959232330322
    },
    "Design Statis": {
        "num_instances": 305,
        "num_iopins": 56,
        "num_layers": 32,
        "num_layers_cut": 10,
        "num_layers_routing": 10,
        "num_nets": 278,
        "num_pdn": 5
    },
    "Instances": {
        "clock": {
            "area": 66.15,
            "area_ratio": 0.2414233576642336,
            "core_usage": 0.18382352941176472,
            "die_usage": 0.15000000000000002,
            "num": 36,
            "num_ratio": 0.1180327868852459,
            "pin_num": 109,
            "pin_ratio": 0.12733644859813084
        },
        "iopads": {
            "area": 0.0,
            "area_ratio": 0.0,
            "core_usage": 0.0,
            "die_usage": 0.0,
            "num": 0,
            "num_ratio": 0.0,
            "pin_num": 0,
            "pin_ratio": 0.0
        },
        "logic": {
            "area": 216.594,
            "area_ratio": 0.7904890510948905,
            "core_usage": 0.601890756302521,
            "die_usage": 0.4911428571428571,
            "num": 228,
            "num_ratio": 0.7475409836065574,
            "pin_num": 856,
            "pin_ratio": 1.0
        },
        "macros": {
            "area": 0.0,
            "area_ratio": 0.0,
            "core_usage": 0.0,
            "die_usage": 0.0,
            "num": 0,
            "num_ratio": 0.0,
            "pin_num": 0,
            "pin_ratio": 0.0
        },
        "total": {
            "area": 274.0,
            "area_ratio": 1.0,
            "core_usage": 0.761415677382064,
            "die_usage": 0.6213151927437641,
            "num": 305,
            "num_ratio": 1.0,
            "pin_num": 856,
            "pin_ratio": 1.0
        }
    },
    "Layers": {
        "cut_layers": [
            {
                "layer_name": "VIA1",
                "layer_order": 13,
                "via_num": 0,
                "via_ratio": 0.0
            },
            {
                "layer_name": "VIA2",
                "layer_order": 15,
                "via_num": 44,
                "via_ratio": 0.19047619047619047
            },
            {
                "layer_name": "VIA3",
                "layer_order": 17,
                "via_num": 44,
                "via_ratio": 0.19047619047619047
            },
            {
                "layer_name": "VIA4",
                "layer_order": 19,
                "via_num": 44,
                "via_ratio": 0.19047619047619047
            },
            {
                "layer_name": "VIA5",
                "layer_order": 21,
                "via_num": 44,
                "via_ratio": 0.19047619047619047
            },
            {
                "layer_name": "VIA6",
                "layer_order": 23,
                "via_num": 44,
                "via_ratio": 0.19047619047619047
            },
            {
                "layer_name": "VIA7",
                "layer_order": 25,
                "via_num": 6,
                "via_ratio": 0.025974025974025976
            },
            {
                "layer_name": "VIA8",
                "layer_order": 27,
                "via_num": 5,
                "via_ratio": 0.021645021645021644
            },
            {
                "layer_name": "RV",
                "layer_order": 29,
                "via_num": 0,
                "via_ratio": 0.0
            }
        ],
        "num_layers": 32,
        "num_layers_cut": 10,
        "num_layers_routing": 10,
        "routing_layers": [
            {
                "layer_name": "M1",
                "layer_order": 12,
                "patch_num": 0,
                "wire_len": 0.0,
                "wire_num": 0,
                "wire_ratio": 0.0
            },
            {
                "layer_name": "M2",
                "layer_order": 14,
                "patch_num": 0,
                "wire_len": 0.0,
                "wire_num": 0,
                "wire_ratio": 0.0
            },
            {
                "layer_name": "M3",
                "layer_order": 16,
                "patch_num": 0,
                "wire_len": 0.0,
                "wire_num": 0,
                "wire_ratio": 0.0
            },
            {
                "layer_name": "M4",
                "layer_order": 18,
                "patch_num": 0,
                "wire_len": 0.0,
                "wire_num": 0,
                "wire_ratio": 0.0
            },
            {
                "layer_name": "M5",
                "layer_order": 20,
                "patch_num": 0,
                "wire_len": 0.0,
                "wire_num": 0,
                "wire_ratio": 0.0
            },
            {
                "layer_name": "M6",
                "layer_order": 22,
                "patch_num": 0,
                "wire_len": 0.0,
                "wire_num": 0,
                "wire_ratio": 0.0
            },
            {
                "layer_name": "M7",
                "layer_order": 24,
                "patch_num": 0,
                "wire_len": 0.0,
                "wire_num": 0,
                "wire_ratio": 0.0
            },
            {
                "layer_name": "M8",
                "layer_order": 26,
                "patch_num": 0,
                "wire_len": 0.0,
                "wire_num": 0,
                "wire_ratio": 0.0
            },
            {
                "layer_name": "M9",
                "layer_order": 28,
                "patch_num": 0,
                "wire_len": 0.0,
                "wire_num": 0,
                "wire_ratio": 0.0
            },
            {
                "layer_name": "AP",
                "layer_order": 30,
                "patch_num": 0,
                "wire_len": 0.0,
                "wire_num": 0,
                "wire_ratio": 0.0
            }
        ]
    },
    "Macros": null,
    "Macros Statis": null,
    "Nets": {
        "num_clock": 3,
        "num_patch": 0,
        "num_pins": 910,
        "num_segment": 0,
        "num_signal": 275,
        "num_total": 278,
        "num_via": 0,
        "num_wire": 0,
        "ratio_clock": null,
        "ratio_signal": null,
        "wire_len": 0.0,
        "wire_len_clock": 0.0,
        "wire_len_signal": 0.0
    },
    "Pins": {
        "max_fanout": 32,
        "pin_distribution": [
            {
                "inst_num": 77,
                "inst_ratio": 0.25245901639344265,
                "net_num": 0,
                "net_ratio": 0.0,
                "pin_num": 0
            },
            {
                "inst_num": 1,
                "inst_ratio": 0.003278688524590164,
                "net_num": 0,
                "net_ratio": 0.0,
                "pin_num": 1
            },
            {
                "inst_num": 52,
                "inst_ratio": 0.17049180327868851,
                "net_num": 193,
                "net_ratio": 0.6942446043165468,
                "pin_num": 2
            },
            {
                "inst_num": 47,
                "inst_ratio": 0.1540983606557377,
                "net_num": 39,
                "net_ratio": 0.14028776978417265,
                "pin_num": 3
            },
            {
                "inst_num": 31,
                "inst_ratio": 0.10163934426229508,
                "net_num": 1,
                "net_ratio": 0.0035971223021582736,