{
    "route": {
        "DR": {
            "1": {
                "cut_via_num_map": {
                    "0": 0,
                    "1": 0,
                    "2": 872,
                    "3": 640,
                    "4": 153,
                    "5": 96,
                    "6": 31,
                    "7": 0,
                    "8": 0,
                    "9": 0
                },
                "dynamic_power": 0.0,
                "routing_violation_num_map": {
                    "0": 19,
                    "1": 30,
                    "2": 7,
                    "3": 0,
                    "4": 0,
                    "5": 0,
                    "6": 0,
                    "7": 0,
                    "8": 0,
                    "9": 0
                },
                "routing_wire_length_map": {
                    "0": 0.0,
                    "1": 274.39999999999844,
                    "2": 734.1000000000031,
                    "3": 617.6000000000007,
                    "4": 242.09999999999997,
                    "5": 185.29999999999995,
                    "6": 78.1,
                    "7": 0.0,
                    "8": 0.0,
                    "9": 0.0
                },
                "static_power": 0.0,
                "total_patch_num": 0,
                "total_via_num": 1792,
                "total_violation_num": 56,
                "total_wire_length": 2131.599999999965
            },
            "2": {
                "cut_via_num_map": {
                    "0": 0,
                    "1": 0,
                    "2": 880,
                    "3": 634,
                    "4": 158,
                    "5": 93,
                    "6": 29,
                    "7": 0,
                    "8": 0,
                    "9": 0
                },
                "dynamic_power": 0.0,
                "routing_violation_num_map": {
                    "0": 15,
                    "1": 33,
                    "2": 0,
                    "3": 0,
                    "4": 0,
                    "5": 0,
                    "6": 0,
                    "7": 0,
                    "8": 0,
                    "9": 0
                },
                "routing_wire_length_map": {
                    "0": 0.0,
                    "1": 272.39999999999816,
                    "2": 711.0000000000031,
                    "3": 611.4000000000004,
                    "4": 247.99999999999994,
                    "5": 188.89999999999998,
                    "6": 76.6,
                    "7": 0.0,
                    "8": 0.0,
                    "9": 0.0
                },
                "static_power": 0.0,
                "total_patch_num": 0,
                "total_via_num": 1794,
                "total_violation_num": 48,
                "total_wire_length": 2108.2999999999665
            },
            "3": {
                "cut_via_num_map": {
                    "0": 0,
                    "1": 0,
                    "2": 876,
                    "3": 628,
                    "4": 162,
                    "5": 93,
                    "6": 27,
                    "7": 0,
                    "8": 0,
                    "9": 0
                },
                "dynamic_power": 0.0,
                "routing_violation_num_map": {
                    "0": 8,
                    "1": 23,
                    "2": 0,
                    "3": 0,
                    "4": 0,
                    "5": 0,
                    "6": 0,
                    "7": 0,
                    "8": 0,
                    "9": 0
                },
                "routing_wire_length_map": {
                    "0": 0.0,
                    "1": 271.69999999999806,
                    "2": 708.8000000000033,
                    "3": 610.3000000000009,
                    "4": 251.49999999999997,
                    "5": 190.79999999999998,
                    "6": 76.4,
                    "7": 0.0,
                    "8": 0.0,
                    "9": 0.0
                },
                "static_power": 0.0,
                "total_patch_num": 0,
                "total_via_num": 1786,
                "total_violation_num": 31,
                "total_wire_length": 2109.4999999999645
            },
            "4": {
                "cut_via_num_map": {
                    "0": 0,
                    "1": 0,
                    "2": 877,
                    "3": 627,
                    "4": 166,
                    "5": 93,
                    "6": 27,
                    "7": 0,
                    "8": 0,
                    "9": 0
                },
                "dynamic_power": 0.0,
                "routing_violation_num_map": {
                    "0": 23,
                    "1": 24,
                    "2": 0,
                    "3": 0,
                    "4": 0,
                    "5": 0,
                    "6": 0,
                    "7": 0,
                    "8": 0,
                    "9": 0
                },
                "routing_wire_length_map": {
                    "0": 0.0,
                    "1": 270.5999999999981,
                    "2": 702.4000000000028,
                    "3": 613.8000000000008,
                    "4": 254.69999999999996,
                    "5": 190.49999999999997,
                    "6": 80.39999999999999,
                    "7": 0.0,
                    "8": 0.0,
                    "9": 0.0
                },
                "static_power": 0.0,
                "total_patch_num": 0,
                "total_via_num": 1790,
                "total_violation_num": 47,
                "total_wire_length": 2112.3999999999655
            },
            "5": {
                "cut_via_num_map": {
                    "0": 0,
                    "1": 0,
                    "2": 876,
                    "3": 627,
                    "4": 165,
                    "5": 93,
                    "6": 27,
                    "7": 0,
                    "8": 0,
                    "9": 0
                },
                "dynamic_power": 0.0,
                "routing_violation_num_map": {
                    "0": 18,
                    "1": 23,
                    "2": 0,
                    "3": 0,
                    "4": 0,
                    "5": 0,
                    "6": 0,
                    "7": 0,
                    "8": 0,
                    "9": 0
                },
                "routing_wire_length_map": {
                    "0": 0.0,
                    "1": 272.1999999999981,
                    "2": 701.1000000000029,
                    "3": 611.300000000001,
                    "4": 253.59999999999997,
                    "5": 190.5,
                    "6": 80.4,
                    "7": 0.0,
                    "8": 0.0,
                    "9": 0.0
                },
                "static_power": 0.0,
                "total_patch_num": 0,
                "total_via_num": 1788,
                "total_violation_num": 41,
                "total_wire_length": 2109.0999999999635
            },
            "6": {
                "cut_via_num_map": {
                    "0": 0,
                    "1": 0,
                    "2": 877,
                    "3": 625,
                    "4": 165,
                    "5": 93,
                    "6": 27,
                    "7": 0,
                    "8": 0,
                    "9": 0
                },
                "dynamic_power": 0.0,
                "routing_violation_num_map": {
                    "0": 8,
                    "1": 22,
                    "2": 0,
                    "3": 0,
                    "4": 0,
                    "5": 0,
                    "6": 0,
                    "7": 0,
                    "8": 0,
                    "9": 0
                },
                "routing_wire_length_map": {
                    "0": 0.0,
                    "1": 271.39999999999804,
                    "2": 700.9000000000032,